{
    "A": {
        "1": [317.8127789, 311.7692214, 304.3123391],
        "2": [316.9855094, 326.0478058, 329.9098355],
        "3": [293.7473738, 315.5357779, 315.0157891],
        "4": [294.2976323, 285.8772737, 296.7752218],
        "5": [317.7470043, 306.3317288, 322.2531964]
    },
    "B": {
        "1": [292.5468720, 309.2660562, 288.7497690],
        "2": [340.5846194, 310.3170010, 315.1716507],
        "3": [299.2361429, 313.3733165, 321.8639734],
        "4": [293.5253668, 293.4669858, 279.6937000],
        "5": [283.3240891, 291.2613477, 276.5486788]
    },
    "C": {
        "1": [277.2977703, 265.4159004, 284.6465646],
        "2": [297.9182667, 317.9970563, 291.9667558],
        "3": [328.9240670, 320.3806851, 324.3319827],
        "4": [306.7804386, 299.3684113, 311.1437749],
        "5": [314.8340966, 311.5009422, 295.3438559]
    },
    "D": {
        "1": [214.4089470, 211.5865014, 146.3815802],
        "2": [226.7024259, 254.2722544, 191.3389231],
        "3": [305.4248619, 243.5950934, 296.9177423],
        "4": [305.7473933, 308.4467503, 303.7214773],
        "5": [330.4532007, 308.5725853, 310.5964628]
    },
    "E": {
        "1": [117.3919768, 117.3713042, 113.0754797],
        "2": [155.3935630, 179.8663238, 159.8552420],
        "3": [258.7850140, 196.0586813, 225.7542283],
        "4": [292.4307105, 295.8986085, 252.8004300],
        "5": [285.2721122, 310.6854617, 262.1823364]
    }
}
