{
    "A": {
        "1": [318.2869591, 309.5314528, 318.3792841],
        "2": [317.4184376, 317.6681018, 313.8763285],
        "3": [321.7031219, 326.4720397, 311.2712641],
        "4": [322.8989808, 324.3591121, 318.4848475],
        "5": [326.2940344, 313.5279605, 323.7765792]
    },
    "B": {
        "1": [315.1586578, 314.3417230, 301.0473860],
        "2": [319.3975153, 317.5760860, 317.8785738],
        "3": [317.5366629, 318.9605332, 333.7559203],
        "4": [324.1150699, 324.1963867, 314.5359429],
        "5": [314.9379016, 317.2477843, 317.2477843]
    },
    "C": {
        "1": [267.8830382, 270.9949157, 276.5593587],
        "2": [301.7521444, 322.6162115, 297.4173734],
        "3": [323.4386184, 312.1786948, 320.3407386],
        "4": [319.4107712, 322.0920531, 333.2185168],
        "5": [329.6734033, 325.6107536, 322.2666305]
    },
    "D": {
        "1": [213.8123665, 181.0597997, 146.5421078],
        "2": [233.6595173, 247.8888539, 191.0810457],
        "3": [302.3983140, 241.7079401, 306.6182909],
        "4": [302.7772247, 306.6806402, 303.7583557],
        "5": [319.2252637, 315.5748290, 318.1024297]
    },
    "E": {
        "1": [88.64588366, 113.3692348, 120.1602875],
        "2": [152.8302034, 156.4924424, 176.5953920],
        "3": [196.9413952, 215.2791672, 255.5860887],
        "4": [283.2355140, 295.5443309, 253.9054444],
        "5": [290.6735407, 301.3751557, 273.9822140]
    }
}
